EmployeeID,Name,Age,Department,Salary
1,Amit,30,Software Development,70000
2,Neha,28,Data Analysis,65000
3,Ravi,35,Network Security,80000
4,Sita,40,System Administration,90000
5,Vikram,25,Technical Support,60000
6,Pooja,32,Software Development,75000
7,Karan,29,Data Analysis,68000
8,Meera,31,Network Security,72000
9,Arjun,36,System Administration,82000
10,Priya,27,Technical Support,64000
11,Anil,34,Software Development,78000
12,Sunita,38,Data Analysis,86000
13,Raj,26,Network Security,61000
14,Sneha,33,System Administration,77000
